act_pos1,act_pos2,act_pos3,act_pos4,act_pos5,act_pos6,act_pos7,vel1,vel2,vel3,vel4,vel5,vel6,vel7,mode
0.8667393440093036,-0.310687274,-0.754414373,-1.912211602,-0.289126032,1.8828095203652793,0.976243967,-0.001547671,0.000197196,0.000623446,-0.000383519,-0.000218741,-0.000236358,-0.000433985,no_feedback
0.8667393440093036,-0.310687274,-0.754414373,-1.912211602,-0.289126032,1.8828095203652793,0.976243967,-0.001547671,0.000197196,0.000623446,-0.000383519,-0.000218741,-0.000236358,-0.000433985,no_feedback
0.866741722,-0.310687275,-0.754417421,-1.912211602,-0.289126072,1.882810350179672,0.9762453510857927,-0.000653664,-0.000186347,0.000260554,-0.000279306,-0.00015597,-1.07E-05,-6.61E-06,no_feedback
0.8667422360400836,-0.310682981,-0.754416981,-1.912216373,-0.289126032,1.882810350179672,0.976248403,-0.000640442,-0.000438959,-0.000777567,-0.000185132,-0.000166354,0.000201246,0.001112749,no_feedback
0.8667426317900125,-0.310687036,-0.754416247,-1.912215776,-0.289126656,1.8828096381028492,0.9762432308516823,-0.000598242,0.000162958,0.00048095,-0.000891254,-0.000317996,-6.41E-05,-0.000765046,no_feedback
0.8667405381325103,-0.310683417,-0.754417241,-1.91221307,-0.28912532,1.8828096381028492,0.9762479365848832,-0.00080249,0.001017894,-0.000357086,0.000491511,0.000174243,-0.000114074,0.000897403,no_feedback
0.8667441848783051,-0.310682715,-0.754418655,-1.912216491,-0.289126032,1.8828111639817553,0.976247628,0.001073314,0.001088393,-0.001674217,-0.00025132,-0.000178007,0.000497621,0.001276654,no_feedback
0.8667443553167911,-0.310688706,-0.754416015,-1.91221482,-0.289126032,1.882810350179672,0.9762468785618844,2.1603369297645032e-05,-0.000686532,0.001165178,-0.00020633,-0.000109967,7.771817713186209e-05,0.000463556,no_feedback
0.8667410379927253,-0.310687036,-0.754417007,-1.912215226,-0.28912532,1.882810350179672,0.9762453510685861,-0.00113338,-0.000209976,-0.000711768,0.000424424,7.050092585392049e-05,4.537552241829618e-05,5.528059085493077e-05,no_feedback
0.8667422095454916,-0.310685087,-0.754419872,-1.912221261,-0.289126032,1.8828111639817553,0.9762461649238426,-9.95E-05,-8.21E-06,-0.000516832,-0.000814898,-0.000169774,0.000124177,5.063647782913017e-05,no_feedback
0.8667443808265959,-0.310687036,-0.754415402,-1.91221792,-0.289126151,1.8828103501796722,0.9762424142794425,0.000196967,-0.000744718,0.000330295,0.00011737,-0.000206833,-0.000107794,-0.000884056,no_feedback
0.8667443818032508,-0.310687036,-0.754416683,-1.91221959,-0.28912471,1.8828096381028494,0.9762424015218307,-0.00013933,-0.000722636,0.000200945,-7.22E-05,0.000215186,-0.000106746,-0.001349342,no_feedback
0.8667443818077437,-0.310687036,-0.754419384,-1.91221792,-0.289126032,1.8828111639817555,0.9762457086412082,0.000144017,-0.000455405,-0.001290796,0.00034727,-5.16E-05,0.000335396,0.000169092,no_feedback
0.8667463306497063,-0.310687036,-0.754415311,-1.912216252,-0.28912532,1.8828111639817553,0.9762424011970472,0.000486606,-0.00037123,-2.08E-05,0.000272843,-3.97E-05,0.000323234,-0.000556517,no_feedback
0.8667427084284498,-0.310685087,-0.754413641,-1.912222488,-0.28912532,1.882810350179672,0.9762431131121184,-0.000589773,0.000256108,0.000484687,-0.000772413,0.00024447,0.000164904,-0.000444272,no_feedback
0.8667581169101891,-0.31067175,-0.754401573,-1.912216356,-0.28912471,1.882810350179672,0.9762401630794887,0.002787374,6.007086992822894e-05,-0.000195325,-0.000663696,0.000138722,-0.000482055,-0.001207996,no_feedback
0.866784273,-0.31066555,-0.754344485,-1.912214579,-0.28912471,1.882814012289047,0.976241689,-0.000165917,-0.000503695,0.001168567,-0.001041852,9.186603994381967e-05,0.000644902,-0.000703895,no_feedback
0.8667751823140738,-0.310608618,-0.754361595,-1.912236488,-0.28913061,1.8828111639817553,0.9762427598994087,-0.000214266,0.002955048,-0.004069455,0.000745661,-0.001052271,0.000220015,-0.000169741,no_feedback
0.8667185295347591,-0.31060888,-0.754723228,-1.912220374,-0.289149073,1.8828043229579925,0.9762401630774948,-0.001941053,-0.00295034,-0.015319921,0.006741687,0.000405012,-0.000488195,-0.001244455,no_feedback
0.8667139054819983,-0.310717454,-0.755557888,-1.912203877,-0.28914704,1.882809995513412,0.9762416889584725,-1.39E-05,-0.002655012,-0.020258239,-0.001519921,0.000198159,-0.000103352,-0.00097913,no_feedback
0.866725891,-0.310731239,-0.75646718,-1.912203877,-0.289145004,1.882817674398421,0.9762461517879787,-0.000345425,-0.000735438,-0.013731273,0.000183289,0.000148467,-0.000193617,0.000907554,no_feedback
0.8667378222853298,-0.310663166,-0.756989635,-1.912177073,-0.289143682,1.882851319301444,0.9762210260159465,0.00049004,0.00011782,-0.006613946,0.000222282,-1.47E-05,0.00196538,-0.001857208,no_feedback
0.8667379282491596,-0.310652954,-0.757432774,-1.912180634,-0.289144394,1.882871344010025,0.9761823394894528,0.001304698,0.00239637,-0.011523965,-0.001396847,-0.000344299,0.002584998,-0.004766892,no_feedback
0.8667393705003094,-0.310099669,-0.758337726,-1.91214194,-0.289164966,1.883568509169174,0.9752428690998616,-0.000658252,0.020762254557929564,-0.031930504,0.006577528,-0.000109101,0.042385533,-0.017127238,no_feedback
0.8667272428577408,-0.308076053,-0.761766314,-1.912160202,-0.28927374,1.889659625435984,0.9744337856563609,-0.000185715,0.056397732,-0.101859859,4.704422822062086e-05,-0.010647893,0.18691336721390633,-0.005614521,no_feedback
0.866529363,-0.303551567,-0.769517382,-1.912245221,-0.290514524,1.9013558572719316,0.9744423558622407,-0.011751185,0.12309129022560351,-0.204625149,-0.004283109,-0.014170815,0.26443704460670886,-0.000635934,no_feedback
0.8658539131297583,-0.295785304,-0.782954129,-1.912209483,-0.290693027,1.9143063836340095,0.9744431315180329,-0.010984145,0.1667644606288544,-0.306631604,0.001076485,-0.000404535,0.24026357770405532,0.000493779,no_feedback
0.865085713,-0.286056955,-0.801809902,-1.912314005,-0.290691349,1.9253682226457374,0.9744446573969382,-0.02475791,0.22261559930146566,-0.433341167,-0.001132076,0.000120063,0.18939111814698503,0.000603769,no_feedback
0.8633417966078268,-0.27381533,-0.826311797,-1.912422319,-0.290685957,1.9332987674728865,0.9744386556065745,-0.049794709,0.26638863411750513,-0.552416357,-0.002675554,0.000426613,0.14351058603814754,8.059359033453332e-05,no_feedback
0.8613035989539817,-0.258834025,-0.856894656,-1.912479803,-0.290654566,1.9407108149168513,0.9744242233897892,-0.041899136,0.2959779392026299,-0.644988459,5.504707275341854e-05,0.000783743,0.15304713398904288,-0.000887279,no_feedback
0.859857542,-0.243664844,-0.891820342,-1.912454047,-0.290598695,1.9494090501696029,0.9743674805599862,-0.022755458,0.2968625273438285,-0.718785178,0.000685704,0.003352071,0.18310502415311655,-0.001745926,no_feedback
0.8580075190160831,-0.230347797,-0.92811468,-1.912022845,-0.290523903,1.9584214955175896,0.9740022708429787,-0.046940985,0.22965675971544924,-0.720963342,0.013681805092756828,0.000176869,0.18552349241715457,-0.00127357,no_feedback
0.8564827863256709,-0.220620029,-0.965220621,-1.910336635,-0.29048613,1.9666557648347478,0.9738773106153041,-0.022088586,0.17122704508475384,-0.762210534,0.04184214,0.001101266,0.15461810448075716,-0.002190805,no_feedback
0.855094322,-0.21465687,-1.002430212,-1.907376307,-0.290489809,1.9742306556488383,0.9732993078401456,-0.039976256,0.085615752,-0.733910817,0.067774752,-0.000397253,0.156126762,-0.030675484,no_feedback
0.853224705,-0.212274865,-1.040332973,-1.903246133,-0.290492603,1.983507186883168,0.9697920906668674,-0.036247241,0.012514722,-0.754254929,0.094749789,0.00011913,0.20889576152570322,-0.110369727,no_feedback
0.8516382053320138,-0.212814492,-1.079004539,-1.896896641,-0.290499993,1.9964718233942438,0.9609626733180816,-0.041513282,-0.018372251,-0.78437139,0.16207174192294926,-4.33E-05,0.3089166764153742,-0.236844235,no_feedback
0.8491292140783108,-0.21477583,-1.11851522,-1.886676804,-0.290478476,2.0138880166177873,0.9438003591317209,-0.047985141,-0.058571115,-0.819644391,0.23387939224950627,0.001151744,0.3916253786997207,-0.451396303,no_feedback
0.847714703,-0.218267368,-1.158970338,-1.873381251,-0.290178434,2.0359452075932003,0.9127462652056161,-0.020330633,-0.078553159,-0.78416036,0.28761281638681857,0.017946164,0.48145529182439206,-0.733990446,no_feedback
0.8464991707100942,-0.224126711,-1.199113304,-1.856203891,-0.288842134,2.0589896931393876,0.8688888740581783,-0.013628124,-0.143688535,-0.778141469,0.37501449327452396,0.027107934,0.44921125727909417,-0.983302923,no_feedback
0.845998727,-0.233088408,-1.236728741,-1.836204671,-0.287795406,2.0799307408865344,0.813883438,-0.006937858,-0.206861936,-0.712251959,0.4276812308864996,0.024314400755679293,0.4007503805991093,-1.172079861,no_feedback
0.8460201897254471,-0.245805979,-1.269637008,-1.813549721,-0.28604293,2.096816183385248,0.7545898194283724,-0.002862278,-0.291517936,-0.595675288,0.4780121021103992,0.058444105,0.3103963085609646,-1.183581733,no_feedback
0.846212369,-0.262727706,-1.294546046,-1.788895929,-0.281953627,2.1073331449815758,0.6962392981928521,-0.00095294,-0.379368138,-0.422755996,0.5093050459707591,0.093739703,0.11755088782037743,-1.106325063,no_feedback
0.8463415292964398,-0.284061942,-1.309645914,-1.761708494,-0.277115432,2.1083572589772572,0.6476189687943777,0.00182791,-0.452088385,-0.200446788,0.5609282016807877,0.10623860616051614,-0.001926892,-0.852614217,no_feedback
0.8463619695357482,-0.309081799,-1.314399584,-1.732555854,-0.271520234,2.108252021,0.6134838841011286,-0.00055841,-0.527030891,-0.004631079,0.6031822431001023,0.13562218245855603,-0.008122708,-0.551846098,no_feedback
0.8474269179866732,-0.33699339,-1.310754349,-1.701370246,-0.264441231,2.1075520969293846,0.5931612078348495,0.038459227576228126,-0.580310681,0.13696993445612388,0.647560628,0.14272932511116293,-0.014765551,-0.308294112,no_feedback
0.8509897339277471,-0.366841223,-1.300579468,-1.668635234,-0.256870054,2.1064627953387447,0.5827046771723992,0.091996733,-0.600758675,0.27292901121810786,0.663540609,0.1722302265473936,-0.030510969,-0.113953587,no_feedback
0.8563546911179722,-0.397833097,-1.282886401,-1.634745552,-0.246016043,2.105994163789342,0.581689148,0.10946754456990228,-0.639797908,0.4223548171106171,0.6658080902813449,0.22878932096636845,-0.003684747,0.001358813,no_feedback
0.8622020840329974,-0.429687108,-1.256300908,-1.600037366,-0.234423445,2.10580515,0.5817225627309702,0.10734841200010581,-0.649246617,0.6003057643893711,0.697763859,0.2508902726379765,-0.004009978,0.00100433,no_feedback
0.86877191,-0.461822675,-1.22027915,-1.566395018,-0.220977134,2.105312755759811,0.5817342467564297,0.15093132490291383,-0.634302827,0.7685040403118609,0.6478472148747761,0.2691355118929818,-0.025178703,-0.000893195,no_feedback
0.8767310361731158,-0.493322486,-1.175299486,-1.536921669,-0.205079999,2.103530776351861,0.581767031,0.1641677669071529,-0.611864233,0.9467097658638871,0.5365945294484399,0.32986586667072076,-0.058242699,-0.000256027,no_feedback
0.8857414248153114,-0.523913371,-1.122498437,-1.513313405,-0.188196107,2.0994735082371174,0.5820267109744716,0.16956402993357353,-0.587812641,1.0966984518825953,0.40905385817665724,0.31029062674694063,-0.101388511,0.002317843,no_feedback
0.8952515798249074,-0.552245069,-1.063303675,-1.49630536,-0.173202565,2.0934190123158554,0.5828199902277954,0.19611126490383352,-0.537891648,1.2396014553337424,0.2831958998417008,0.30543734740474554,-0.13397476,0.023658788,no_feedback
0.9052807604228262,-0.578140341,-0.998663748,-1.485480718,-0.159722246,2.0845632983931424,0.5837548394016489,0.20477198336842423,-0.487671396,1.334760978324763,0.1650742734287502,0.23539130578903547,-0.20765223,0.014370295738899301,no_feedback
0.9161690623244255,-0.601468339,-0.928289543,-1.480327147,-0.148062494,2.0743732256970135,0.5848721975000163,0.2316904435854495,-0.428342133,1.4002561095621124,0.044495866,0.19410303335662463,-0.185225944,0.034780075319294015,no_feedback
0.9274541927018699,-0.619838455,-0.85861381,-1.480115073,-0.141424702,2.064749987185627,0.5862596004136108,0.2337447710792572,-0.3310203,1.4215461684826995,-0.019738735,0.097846077,-0.229996375,0.014661679,no_feedback
0.9404483283260792,-0.63286729,-0.787279232,-1.481621827,-0.138736883,2.051834562998395,0.5868456297555236,0.2545575921656305,-0.20054802,1.4198308745415011,-0.041090689,0.008222851,-0.285054693,0.026341221554247615,no_feedback
0.953698489,-0.638464035,-0.718217313,-1.484381184,-0.138747748,2.0324757433426903,0.5886408401661366,0.2841639812717597,-0.050656471,1.3701477838975171,-0.060970582,-0.003050251,-0.462174887,0.039470828990288635,no_feedback
0.9674308353678549,-0.636882333,-0.650148087,-1.48716902,-0.138801233,2.003742665574954,0.5923190508191034,0.26716566774149536,0.094373005,1.287663928103065,-0.055958463,0.000532049,-0.634916063,0.12461977710804158,no_feedback
0.9808704637727287,-0.628366034,-0.586020215,-1.48980401,-0.139048945,1.9683757595591462,0.6038348653902164,0.264366097,0.23551821830994818,1.2581655649918018,-0.049453401,-0.013278541,-0.762688179,0.3528885244900724,no_feedback
0.9920721868322582,-0.61234524,-0.526325531,-1.492824189,-0.140711604,1.9294224348643003,0.628235816,0.18722921457346858,0.4038642999683292,1.1286952569029882,-0.06837302,-0.047817607,-0.783628129,0.596533639,no_feedback
0.9997661227589172,-0.588147863,-0.472668736,-1.496534284,-0.143839549,1.891533524447142,0.6681391471509105,0.10826431560621641,0.5520761861325536,1.032460513800509,-0.07303167,-0.080617033,-0.719114498,0.9425475921806821,no_feedback
1.004208445965071,-0.556360235,-0.423295815,-1.499788551,-0.148066989,1.8584300383491534,0.7241510960393178,0.045315413,0.7025476766736269,0.9643885929554172,-0.060084408,-0.071890196,-0.59340424,1.2172287837231277,no_feedback
1.005711577762083,-0.517817401,-0.378590858,-1.50207221,-0.151919382,1.8314926562807716,0.7927552873800995,0.015277575744169734,0.8203977174725949,0.8384289054735831,-0.02504122,-0.077931616,-0.480915139,1.4236242759162516,no_feedback
1.005799135894109,-0.473811874,-0.33946366,-1.503151567,-0.153607523,1.8124847624590583,0.8702774477254186,-0.00214159,0.9383714019692058,0.7339296896806101,-0.010023901,-0.002567213,-0.28759213,1.5677840455734346,no_feedback
1.006118820442538,-0.42633302,-0.305666205,-1.503294391,-0.153604374,1.8032935114266668,0.9517582939263725,0.008294259,0.9577159289590729,0.6160398193761397,-0.003258773,-0.000324131,-0.101889143,1.6229529002737382,no_feedback
1.0060221170465442,-0.376451081,-0.277333055,-1.503384526,-0.153817604,1.8018491569780597,1.0342772215654414,0.000463326,1.003939843618405,0.5057502939249788,-0.006488636,-0.000293889,0.000492305,1.6334706347796983,no_feedback
1.0061038689201087,-0.325730972,-0.254940072,-1.503155606,-0.153857151,1.8019719749188685,1.1128059719428824,0.004856987,0.9982967075939108,0.3856147630243101,0.002704284,-0.001989554,0.00632031,1.4956143721191517,no_feedback
1.006073419231207,-0.275321764,-0.23768702,-1.502776579,-0.15439965,1.8020322012078893,1.184781467913831,-0.002402203,0.9898978925501282,0.25739979602625357,0.001302535,-0.019125768,0.000824044,1.3457928523791287,no_feedback
1.006057808242375,-0.225468944,-0.228414343,-1.502694561,-0.158704739,1.8020271785325954,1.247841761298589,-0.002944217,0.9710467435689024,0.12181905418569353,-0.000555875,-0.150125317,0.000485778,1.1453130018567734,no_feedback
1.0058144453562625,-0.176073271,-0.226991119,-1.502884734,-0.172090815,1.8019813244522735,1.301787890318932,-0.008766465,0.9695024078546969,-0.019377991,-0.000424593,-0.371090374,8.209611181004585e-05,0.9779445212942941,no_feedback
1.00365793,-0.12693166,-0.231364407,-1.503543464,-0.193670003,1.8019368450009863,1.3453675495370305,-0.064868877,0.9769733586900374,-0.126608087,-0.014353042,-0.485414531,4.28408417439883e-05,0.774806571,no_feedback
0.9989120273606529,-0.07802245,-0.2409444,-1.50506574,-0.220689945,1.8016816096170267,1.3791992469810004,-0.110522,0.9712128796283026,-0.243006831,-0.04736031,-0.577354324,-0.001826766,0.6030598396687722,no_feedback
0.9918999994464597,-0.028984847,-0.256440376,-1.508532521,-0.251639804,1.8013095733534814,1.4049842137102715,-0.155911043,0.994830144,-0.36422481,-0.096465461,-0.626345123,0.001081078,0.42256288056307695,no_feedback
0.9829843947914997,0.020086516025550602,-0.277070648,-1.514377823,-0.279042101,1.801261818460142,1.4206118472066573,-0.208816102,0.9831214425031561,-0.459281392,-0.135259613,-0.479679284,-0.010610741,0.23202653997480846,no_feedback
0.9724499672287419,0.069201588,-0.301749412,-1.520969195,-0.299126249,1.8013055776215472,1.426403619668378,-0.219436511,0.9937586602447647,-0.538944701,-0.136884891,-0.309290602,-0.002956821,0.006483701,no_feedback
0.9613408452856567,0.11806445927762503,-0.330357315,-1.527684901,-0.310567234,1.8013353867430613,1.4264152750059171,-0.239556255,0.9557906853817847,-0.605255006,-0.123394066,-0.142924534,-0.001333942,-7.07E-05,no_feedback
0.9490998257567689,0.16680209067425475,-0.362272378,-1.534051499,-0.312422197,1.8014060884907617,1.4264044282412454,-0.257357246,0.9563695408371669,-0.673233273,-0.122062185,0.000827504,0.001663835,-0.001012687,no_feedback
0.9359965308683362,0.21560070749078897,-0.396840605,-1.540938289,-0.312422003,1.8014419998683027,1.4263923106905492,-0.260108788,0.9661590195359022,-0.703100809,-0.136937232,0.000904719,-0.00227617,-0.001027187,no_feedback
0.9211648134991857,0.2648780437006606,-0.433475684,-1.547804947,-0.312438805,1.8015216466827795,1.4263759460855192,-0.320608661,0.9766521257909037,-0.745144696,-0.137202426,-0.00011128,0.008185603,-0.002072068,no_feedback
0.9046177079837397,0.3151152776276966,-0.472849104,-1.553958272,-0.312438344,1.801920305418757,1.4261944072386348,-0.335508916,1.0210840085160982,-0.800316021,-0.10383615,0.000327957,0.009099092,-0.003434496,no_feedback
0.8854809202656304,0.36467953764555583,-0.514635385,-1.55867446,-0.312513214,1.802512161947407,1.4253534903845786,-0.405087393,0.9643381906865962,-0.872327039,-0.091679864,0.00024567,0.011684320808555986,-0.034284764,no_feedback
0.8644835447590592,0.41251313923154687,-0.558293326,-1.562237913,-0.313681321,1.8050102401065398,1.4227669641785854,-0.448227642,0.9942427897179994,-0.910869918,-0.0473862,-0.048627691,0.062944734,-0.063665459,no_feedback
0.8413883604773614,0.46210372769353175,-0.604288608,-1.56233953,-0.318254688,1.8093919101226554,1.4194168043294682,-0.468685278,0.9889019152430387,-0.927261556,-0.000497083,-0.123458702,0.12359427476830062,-0.077219969,no_feedback
0.8167564518737281,0.5124334024843787,-0.652455351,-1.561210167,-0.330306969,1.8182421796363382,1.4123896500634574,-0.496185458,0.9960831252622013,-0.990422876,0.026916493569870074,-0.328101987,0.21517432424712987,-0.193011776,no_feedback
0.7916520046843387,0.5623185567478332,-0.702957567,-1.55993107,-0.350397779,1.8321351809658366,1.400500077309913,-0.513487628,0.9776334008082278,-1.036731171,0.027865478,-0.468753599,0.32762805588011407,-0.24782068,no_feedback
0.7656591559963097,0.6108812213195485,-0.755619618,-1.558660131,-0.376610204,1.8507616745357094,1.3880425166198653,-0.539057353,0.9009822795528672,-1.076444402,0.031633817,-0.559319697,0.40862789922305137,-0.239750823,no_feedback
0.7381043949865058,0.6557348154069432,-0.810076148,-1.557519188,-0.40768474,1.8733850094632964,1.3780497176978692,-0.55628652,0.8539467397882108,-1.097414055,0.018484703639793498,-0.674337981,0.5071142881643342,-0.187904432,no_feedback
0.7084382544204071,0.696612433,-0.866048226,-1.557362754,-0.443424431,1.9027067718925128,1.3671668222764564,-0.596791312,0.7941249911298516,-1.13082405,-0.010416806,-0.764468636,0.6438175783126137,-0.245395434,no_feedback
0.6752861570142423,0.7363149703189389,-0.92441124,-1.556735611,-0.482373074,1.9386755409749612,1.3560143379545464,-0.681007994,0.7475412890030941,-1.139971779,0.009529239,-0.748584377,0.7307789051308987,-0.201432722,no_feedback
0.639054781,0.7718447567527228,-0.9818469,-1.555690316,-0.515443407,1.977385077312571,1.3471097499718825,-0.744846395,0.6690748968611964,-1.156764682,0.041919461,-0.606802531,0.8009846339584161,-0.177985252,no_feedback
0.5996173856632688,0.8018292846576905,-1.039829834,-1.552942667,-0.545656361,2.016379521904289,1.3388560795048372,-0.816643833,0.5294403398994032,-1.168741984,0.072882581,-0.56937893,0.7555598522185384,-0.153968552,no_feedback
0.558200831,0.8237042540367464,-1.095410989,-1.547485045,-0.568625103,2.0543124627277174,1.3286903614239456,-0.834866476,0.3462162909964723,-1.079608173,0.1553863629250295,-0.335768902,0.7397312605488393,-0.226229617,no_feedback
0.5145935569373173,0.8358276006620444,-1.145451876,-1.537953683,-0.577440793,2.090997488930161,1.3170637517460793,-0.871748577,0.12897581763299837,-0.952475221,0.21778834038882947,-0.06134374,0.7144079753334275,-0.216440584,no_feedback
0.47132265035737836,0.8359104744529562,-1.187317666,-1.52516396,-0.577395009,2.126796915954822,1.307765287262228,-0.863799624,-0.095746637,-0.764873388,0.2965577694174526,0.007672603,0.6981372088443134,-0.159214922,no_feedback
0.42906347170663345,0.825452809,-1.222071614,-1.507995495,-0.574605417,2.1606270481553533,1.3023097000549113,-0.82382019,-0.287669443,-0.617017179,0.39963941243600104,0.091113181,0.6759382076971037,-0.091209092,no_feedback
0.3876836600845674,0.8056991441289859,-1.247611926,-1.485827756,-0.568401591,2.195770599859238,1.2966432652072857,-0.824408385,-0.495709411,-0.438576764,0.4627296320158158,0.13892080666132411,0.7343341653722235,-0.137836698,no_feedback
0.3484266440153468,0.776175056,-1.262408585,-1.460806701,-0.559752712,2.235234099464383,1.286599410731867,-0.758613992,-0.679254303,-0.198917026,0.5117699393193148,0.1749698584239768,0.8353557751380057,-0.221917494,no_feedback
0.3121349316779288,0.7375066085680648,-1.266385348,-1.43549756,-0.551862369,2.278451150563377,1.2752342632090372,-0.689672853,-0.836243898,0.010767034520747568,0.4835700209398228,0.17087328030835705,0.8845577147214205,-0.212255378,no_feedback
0.2810778193850718,0.6928772862323633,-1.263684312,-1.413735465,-0.540903,2.323664293212718,1.2661348465602547,-0.561310199,-0.924395072,0.094752827,0.38007043421861375,0.2676468989889199,0.9055420650705391,-0.14679438,no_feedback
0.25686038249673415,0.6448256204370281,-1.256748706,-1.398603219,-0.522613213,2.3683349110509977,1.2614418050676335,-0.42127301,-0.99435175,0.17556936037094578,0.2405530544420582,0.44961076812310075,0.8765357255608244,-0.059089084,no_feedback
0.2406864034069039,0.593945802,-1.246297896,-1.391243915,-0.499114739,2.4109904651818233,1.260506204204015,-0.258883883,-1.03308265,0.23598366416126587,0.064611424,0.4730149705547328,0.8387716059939719,-0.001588719,no_feedback
0.23176695282132817,0.5417593513382621,-1.233296406,-1.392044654,-0.47509857,2.451175788596121,1.260528337895648,-0.139362527,-1.039227255,0.29698457346912677,-0.06271609,0.457331495,0.7657198277501132,-0.00126921,no_feedback
0.22777788789417824,0.48982853391798403,-1.2168067,-1.398335211,-0.452517517,2.4842070437132664,1.260562473532847,-0.037104112,-1.001725333,0.3550223212869487,-0.174733069,0.42924002905261244,0.582901349,-0.000460461,no_feedback
0.22770447197745664,0.43907483938744607,-1.197357683,-1.410786665,-0.431585497,2.5081225889902883,1.2607826216199285,0.009351375,-0.979392693,0.4311450255181728,-0.300044392,0.40102979694567015,0.39248901792873697,0.014809367,no_feedback
0.22873672982446305,0.3897111763746761,-1.173260492,-1.430030542,-0.411546659,2.5195081361491303,1.2618901122262933,0.026179718218940502,-0.969401963,0.5169297937861194,-0.44548948,0.4124892127403491,0.087238412,0.034970792,no_feedback
0.2297474457228729,0.34211456472646384,-1.14579918,-1.45733296,-0.391352285,2.520176102874361,1.2634857100331267,0.014487064250372921,-0.933709449,0.5681339514504035,-0.629852742,0.38982247488671673,0.000524946,0.03172406,no_feedback
0.23008417263026523,0.2974523902104151,-1.116735587,-1.494090114,-0.371686689,2.5200742853532696,1.2652906687170262,0.009812293,-0.854535592,0.572463051,-0.822758141,0.3956247578168897,-0.002992362,0.031554319,no_feedback
0.23015651949926844,0.25730149231497046,-1.08811181,-1.540689974,-0.349326472,2.5200837428801197,1.2662528683714425,0.004105251,-0.751689935,0.569598326,-0.991245523,0.49897468869859446,0.000839627,0.00711991,no_feedback
0.23029101770785732,0.22284512800567982,-1.059103567,-1.595505962,-0.320232876,2.519949881335989,1.266384991899905,0.005921831,-0.649432796,0.58839563,-1.141668826,0.6689205217231724,0.004562256,0.004772839,no_feedback
0.23066170651299459,0.19522036519948446,-1.028782853,-1.656662906,-0.281273443,2.519818782523337,1.2665017350049648,0.021014475652001346,-0.484695505,0.6292385110547875,-1.266796215,0.8819917406141404,-0.00621514,0.002445156,no_feedback
0.23154982880053773,0.1733184618241345,-0.995730311,-1.721901782,-0.231782601,2.5197950453705036,1.2665077593502985,0.022181661632875545,-0.415744861,0.6828643155286759,-1.319677685,1.090172411133092,0.007768599,0.00084281,no_feedback
0.23396540879993302,0.1564026431041577,-0.959640735,-1.788889161,-0.17308341,2.519766306304001,1.2665099956906147,0.071239134,-0.290324429,0.736433005,-1.353687755,1.2606709167167782,-0.013349425,0.00156348,no_feedback
0.23855259666904943,0.14297431314402778,-0.920705173,-1.85550654,-0.107081691,2.5197799350417474,1.266496253419463,0.11040148640247124,-0.241841269,0.777148555,-1.306948738,1.3646956579217617,0.004532667,-0.00213936,no_feedback
0.24525594701648062,0.13292470293903336,-0.879141373,-1.918810221,-0.035477979,2.5197266115499812,1.2664964325397274,0.15191469062433077,-0.165707693,0.8834736218900083,-1.220207165,1.490769354804821,-0.009019732,0.000715711,no_feedback
0.2540806281579691,0.12596606188381868,-0.8356162,-1.975477344,0.039568051984193074,2.519641276874389,1.2664951580949584,0.1844732748907301,-0.111330775,0.8496183871214407,-1.067680566,1.499038483,-0.007644933,0.000795512,no_feedback
0.2660658659742384,0.12156646418395552,-0.79009619,-2.024031468,0.11510566180817622,2.519468455527432,1.2665015252911438,0.26221891838336886,-0.065794134,0.928181235,-0.88461611,1.491949674252431,-0.016683478,-0.000278084,no_feedback
0.2809064533632384,0.11903515335143548,-0.743288514,-2.063503795,0.18942237332554412,2.5191513905765506,1.266501565215675,0.3412814701308811,-0.036030132,0.9543153944908703,-0.686668443,1.4663936556483201,-0.006065017,0.000875356,no_feedback
0.29877645030916294,0.1186601824459137,-0.694617836,-2.093042408,0.2607172103972017,2.5187568291215787,1.266501855562047,0.38537994149892785,-0.001897992,0.9729139137856935,-0.494002885,1.3827798040759571,-0.007256121,-0.001316025,no_feedback
0.3194035831995645,0.11919558640401283,-0.644286589,-2.112217961,0.32833491575433577,2.518331194877895,1.2664919369450882,0.43910065925488295,0.010769078632088909,1.0095842283437826,-0.288031115,1.291932278323216,-0.005597613,-0.000937714,no_feedback
0.3423389920347914,0.12017288170878918,-0.592920284,-2.120400141,0.3908618885971973,2.518199126459117,1.266496290680568,0.47738607112256926,0.035624135,1.0463158053387733,-0.05852129,1.1644120739756603,-0.002133363,0.000161853,no_feedback
0.36705219779220094,0.12156944751923077,-0.541076817,-2.117900144,0.44708442768828555,2.5182253613964813,1.266474718433174,0.5024422154395479,0.024902126,1.0197959001894152,0.12142914540194667,1.056299638216789,-0.001481359,-0.00076581,no_feedback
0.3934020781911144,0.1227491384909763,-0.489596725,-2.107303132,0.49558086042555277,2.518285202410218,1.2664568093328945,0.5318600727634355,0.033555531,1.0139309544568047,0.28608424078952477,0.8978970262845957,0.002902639,-0.000328724,no_feedback
0.42088315324510195,0.1248903873242091,-0.438568154,-2.087658498,0.5344695272247911,2.518272743326221,1.2664607263898937,0.5584270554064263,0.056125888,1.0370498542313509,0.46658588472425183,0.6922504380153792,-0.009227307,-0.000289767,no_feedback
0.44939674057723106,0.1277233682819086,-0.388217958,-2.06048671,0.5636659782289595,2.5182987419649128,1.2664440573700235,0.5745673163177638,0.073208187,0.9898899820791638,0.5979671406547061,0.4823959563286003,-0.000288277,-0.001816483,no_feedback
0.4780469843323802,0.13162564484394765,-0.338804718,-2.025686454,0.5834244480967268,2.5183143313610965,1.266440284658371,0.5472479251996817,0.093964381,0.9726406760842945,0.7656516581998389,0.3445854867717971,0.008840436,-0.000306186,no_feedback
0.5062527561770969,0.13756941906262965,-0.291215137,-1.98222378,0.599850115,2.5182405033384736,1.266449738840625,0.5580490149288763,0.1329332514564267,0.946317213,0.9334093714613148,0.31634022188510097,-0.001089753,0.000380051,no_feedback
0.5329680624228175,0.144826687,-0.246135847,-1.931171433,0.6161670991307653,2.5182100847729267,1.2664464078661468,0.5444431441996018,0.16113475945215044,0.8910324467537408,1.0799168674892397,0.32124520994980954,-0.009020597,0.001906844,no_feedback
0.5568386349382227,0.15422918325687768,-0.205647341,-1.872892594,0.6330907813212305,2.518201455483006,1.2664503420387585,0.4328989184920379,0.20130733638755374,0.7536908942918821,1.2137285620207585,0.3469495592869203,-0.012205065,0.001308631,no_feedback
0.576749604,0.1648405916521704,-0.171524193,-1.809182801,0.6486648947691174,2.518293449494955,1.266359021867643,0.3643680186743422,0.19641334718137168,0.6129820381779988,1.3025976784152917,0.23970017169610885,0.006671473,-0.007219248,no_feedback
0.5922289157551973,0.17518976555244453,-0.145718525,-1.744057722,0.6533331883800404,2.5182729913963597,1.2650646846812459,0.275667397,0.20758080763776104,0.42750706705624286,1.2993050218284428,-0.002495108,-0.005394088,-0.025298117,no_feedback
0.6029914073912687,0.18426797868523773,-0.129091503,-1.680229216,0.6531402019470383,2.5183146386794575,1.2646523683770265,0.17268877032413013,0.15129953034456714,0.261153319,1.2460474834438549,-0.00928313,0.004889503,0.004562255,no_feedback
0.610328151,0.1906637490220983,-0.11947178,-1.619492093,0.6526680671103271,2.518333905377811,1.264651546708411,0.12279591534207672,0.099485331,0.1359191814588853,1.1640162188032812,-0.017130714,-0.005608921,-0.001469226,no_feedback
0.61477019,0.19309868816302714,-0.115860218,-1.563464751,0.6503507608987423,2.518604871680853,1.2644866782210857,0.057758695,0.020962781222585568,0.008897504,1.0705713582420446,-0.079032282,0.007486968,-0.011158485,no_feedback
0.6145502419037022,0.19209668165379512,-0.117583493,-1.510909163,0.6422376384205245,2.5190524597142745,1.2632356135691243,-0.033398402,-0.036666864,-0.085753978,0.9922204189313563,-0.214743232,-0.001975282,-0.029766176,no_feedback
0.6111897763073338,0.18852139801135004,-0.12580048,-1.463315913,0.6276816510619467,2.5192897677251915,1.261488763264214,-0.0866477,-0.091489311,-0.221493504,0.9082705825279582,-0.325554904,-0.014348095,-0.026605004,no_feedback
0.6055714445912395,0.18286297756243536,-0.141146245,-1.419192833,0.6075751640426127,2.5193588813445467,1.2611363095359729,-0.133630881,-0.131915678,-0.379236502,0.8864173195284961,-0.436310127,-0.001369597,-0.001185614,no_feedback
0.5980920933658987,0.17523895131351352,-0.16387444,-1.379086399,0.5844365102667691,2.5193002252389323,1.2612087386561301,-0.159930233,-0.180763916,-0.501717683,0.73924288,-0.452700237,0.002368389,0.001740632,no_feedback
0.5889950479325896,0.16485937692351463,-0.190883942,-1.344437781,0.5636990333870829,2.519243862320768,1.2618179074652205,-0.182520423,-0.227571399,-0.555438713,0.6373385740838667,-0.35933815,-0.001301447,0.029389997430689607,no_feedback
0.5793949601595083,0.15285858672737854,-0.220052465,-1.316780919,0.5482716607736897,2.5169600142560333,1.2630518271233628,-0.180554523,-0.273924488,-0.581799951,0.4568071292605668,-0.298662035,-0.111661777,-0.001883913,no_feedback
0.5716521439070356,0.1377336800547618,-0.248753146,-1.301683592,0.5311469744257797,2.501967886039897,1.2629109690460125,-0.139862091,-0.339803705,-0.554509535,0.1945529193047054,-0.290524243,-0.41166172,0.001906895,no_feedback
0.5654864938052392,0.11868882461418842,-0.275701012,-1.296666268,0.5205392591924444,2.4795843951754795,1.2644949526560416,-0.117274649,-0.415407947,-0.516329578,0.033414694572779784,-0.148565023,-0.454112007,0.057660008,no_feedback
0.5597457064164566,0.097262063,-0.302254775,-1.296723031,0.5157977259669511,2.4562621235790516,1.2667247577966552,-0.118270695,-0.457194251,-0.539399132,-0.018258049,-0.049710511,-0.456574452,0.011314350418599555,no_feedback
0.5532786467947944,0.075369818,-0.330286118,-1.297893962,0.5151090052526639,2.4350477230247285,1.266631343950509,-0.141086056,-0.439147118,-0.587437275,-0.026428901,-0.0002991,-0.400107456,-0.002980602,no_feedback
0.5467931050957917,0.054004263,-0.36006563,-1.298516491,0.5151017879032316,2.418144588361429,1.2653055747354935,-0.132023676,-0.394006372,-0.608461116,-0.000306811,-0.00029278,-0.27871417,-0.054037362,no_feedback
0.5399025768726948,0.03377887,-0.39050883,-1.298497634,0.5151054324359302,2.410303945508628,1.2638161232821328,-0.137100767,-0.397211774,-0.603890823,-0.006300212,-0.000790162,-0.071861935,-0.00196044,no_feedback
0.5339471865452042,0.014585572501304465,-0.420211636,-1.300080022,0.5109679788951035,2.3973771924903224,1.2555795702830495,-0.086623137,-0.364124014,-0.575768456,-0.049007748,-0.161282354,-0.454150092,-0.351977236,no_feedback
0.5290700418109515,-0.002770455,-0.449100425,-1.301815083,0.4990945853123543,2.3675708442477283,1.2305794792527969,-0.082129861,-0.328718885,-0.568483405,-0.047871124,-0.330816923,-0.760166572,-0.634647522,no_feedback
0.5251599592247594,-0.01871212,-0.478391099,-1.304864082,0.47695129257654273,2.318348714,1.1885308407760968,-0.058663282,-0.307739458,-0.588051096,-0.060635366,-0.510671289,-1.166786637,-0.989530007,no_feedback
0.5224593692138695,-0.035067951,-0.507292628,-1.308192161,0.4494090204125479,2.249106269492347,1.1262322296425966,-0.053460383,-0.34430289,-0.557138781,-0.076655953,-0.577477557,-1.562466988,-1.470272339,no_feedback
0.5207160681742165,-0.052617229,-0.535283455,-1.312347735,0.41933304689844814,2.1580544141234337,1.0407414673770783,-0.021390642,-0.349824576,-0.540226428,-0.083068116,-0.59678621,-1.985070978,-1.867024155,no_feedback
0.5202940896377733,-0.071047759,-0.560645476,-1.316517043,0.3909471172954259,2.0492796965023983,0.9415800878298097,-0.001963799,-0.374323297,-0.461713979,-0.085276338,-0.547709937,-2.27288314,-2.044720522,no_feedback
0.5202483494568664,-0.089147178,-0.582011008,-1.320530887,0.36287364994620896,1.9266328133182913,0.8433526519601924,-0.00726487,-0.365125618,-0.370679386,-0.083797393,-0.580543728,-2.515548741,-1.847806152,no_feedback
0.5199156043768846,-0.106384221,-0.599337367,-1.325506354,0.3342309941682388,1.795558489784754,0.7602530034069936,0.004089689,-0.32961179,-0.298263178,-0.10351595,-0.558130953,-2.676469074,-1.427491053,no_feedback
0.5197303554815877,-0.122685365,-0.612184469,-1.33129329,0.30608553221086304,1.6611289134502671,0.7055732862798542,-0.009171707,-0.314958637,-0.229586326,-0.125909442,-0.572238909,-2.714722579,-0.783956008,no_feedback
0.5196140920735911,-0.136991918,-0.621468059,-1.33813123,0.27745308591973844,1.5284383454272452,0.6884443911047728,-0.009190321,-0.261372476,-0.152744888,-0.152961023,-0.587224292,-2.629125809,-0.001963414,no_feedback
0.5196632551763584,-0.148944123,-0.626414794,-1.34632528,0.24788438365336926,1.4027858677085203,0.6964906160908076,0.001176694,-0.204972364,-0.051276026,-0.16791592,-0.594316014,-2.348259468,0.2726753790171806,no_feedback
0.5197250021047864,-0.157783112,-0.627196214,-1.355635716,0.21961046236395393,1.2926059653004642,0.7161149805457458,0.008340212,-0.15158575,0.014899001485406288,-0.192475185,-0.550456856,-2.109379671,0.505764525,no_feedback
0.5201758649628001,-0.164019773,-0.625234924,-1.367644907,0.19472182599942575,1.1961578354469633,0.7473071688899646,0.015374159795657642,-0.079143588,0.045410755,-0.270925808,-0.429464134,-1.688980286,0.6299980365545336,no_feedback
0.5220761168116653,-0.166603147,-0.622047915,-1.383359224,0.1757268732013161,1.123829021916415,0.780260364,0.052679104269259425,-0.025534892,0.076431802,-0.347706875,-0.321982286,-1.213408179,0.6637787714166338,no_feedback
0.5253085596210033,-0.166464232,-0.617411436,-1.403144593,0.1631253403217492,1.0750262319884942,0.8126119242792181,0.082253565,0.013168282,0.11041029863641068,-0.437685829,-0.208499197,-0.766681849,0.611030582,no_feedback
0.5300444255709288,-0.165481583,-0.61157178,-1.428788019,0.15497020529589714,1.0502044966345658,0.8372566593443126,0.0989219,0.023344862,0.12446790735518096,-0.554418906,-0.13458946,-0.285400157,0.42621834876575404,no_feedback
0.5346167265325429,-0.164561066,-0.603992938,-1.459458816,0.14750288913608448,1.0462017070605485,0.8556058910678179,0.08907612,0.012825324249244995,0.1601972566748489,-0.642296635,-0.16904596,0.023848028161023445,0.3127289167326966,no_feedback
0.5392238854492115,-0.163466463,-0.595429873,-1.493173479,0.13849818404423042,1.052872156640967,0.8675858887359168,0.092588896,0.025646167608224548,0.17140778701305442,-0.700553065,-0.172904159,0.27182192889012796,0.14518456711459587,no_feedback
0.5437695128267147,-0.161898087,-0.58712829,-1.529876804,0.1302562720990495,1.0743060481911946,0.8712362969869186,0.08891381,0.021437686819720976,0.1667520708483346,-0.765545411,-0.168764897,0.5530577852151702,0.05508664,no_feedback
0.5468879146902667,-0.160833074,-0.578311379,-1.568525951,0.12149994124040477,1.1129361036641177,0.8730892796455723,0.046676454,0.017862105942184694,0.17813921996537327,-0.792636756,-0.177086641,0.9245412796412983,0.008699489,no_feedback
0.5489307592093783,-0.160335486,-0.570580121,-1.610173422,0.11327191487852084,1.1701887809245413,0.873089497,0.034448297,0.001577711,0.14344590628171974,-0.845222894,-0.173406853,1.305015692,-3.66E-05,no_feedback
0.5499131773834696,-0.160112083,-0.56363656,-1.653879803,0.10399597964462842,1.2415447571158023,0.873079249,0.011169496980015077,0.006042794,0.13421556641328428,-0.89691053,-0.17580691,1.4618303930247678,0.000466082,no_feedback
0.5500140565743318,-0.160408934,-0.558099544,-1.699509351,0.096038222,1.3190055795013216,0.8730725346323517,-0.003093034,-0.005509958,0.097649779,-0.898293131,-0.148368648,1.5916903061578105,-0.000895256,no_feedback
0.5500276744305059,-0.161110112,-0.554440917,-1.745336764,0.089090582,1.4011090693217114,0.8730393983548542,-0.001839795,-0.029459583,0.062895075,-0.902516404,-0.135432007,1.6653350896799515,-0.004685125,no_feedback
0.5500305608653017,-0.162571569,-0.552191852,-1.789305217,0.083079215,1.4856822725199204,0.8729662651342711,-0.00074344,-0.041411435,0.039248607,-0.85970504,-0.100175816,1.625078341400707,-0.000882328,no_feedback
0.5500323667150043,-0.165431144,-0.550502824,-1.830431401,0.07814719,1.5651958528015368,0.873031094,0.000819566,-0.062016778,0.033770406,-0.789688285,-0.119238487,1.5623907777906634,0.000459417,no_feedback
0.5500237754899898,-0.16995902,-0.54877552,-1.868471737,0.070973688,1.6419467589058037,0.8729149367540865,-0.000891864,-0.10677233,0.029304566020092102,-0.724164094,-0.196651563,1.5007952222481054,-0.005189315,no_feedback
0.5500359550872325,-0.176791657,-0.547158389,-1.902290528,0.058304731330072364,1.7135900894275446,0.8729582750857776,0.002960282,-0.17246479,0.045703786334481536,-0.640137997,-0.265459776,1.3280308148211013,-0.002648239,no_feedback
0.5500220656938719,-0.187584165,-0.544631142,-1.933038972,0.043847242,1.7727601995622335,0.8725598180618318,-0.000584167,-0.260532123,0.053226147,-0.584041721,-0.312162387,1.077117748371922,-0.007548688,no_feedback
0.5500461206294283,-0.202652693,-0.541902526,-1.96113198,0.026210106,1.821989369861227,0.8719236408630822,0.001721575,-0.332168802,0.060824287,-0.525000651,-0.384671799,0.9075707121714969,-0.014306439,no_feedback
0.550050349,-0.222026085,-0.538146222,-1.986348673,0.00544223,1.8628237468943116,0.871885554,0.001405833,-0.421116647,0.086849091,-0.470780594,-0.468899151,0.7616382803317774,0.003613733,no_feedback
0.5500295418840676,-0.245849951,-0.533162626,-2.009362218,-0.020682697,1.895558541818863,0.8717928711836079,0.000322377,-0.544878569,0.11568317855464985,-0.421105855,-0.548262059,0.5541819804033336,0.000912372,no_feedback
0.5500417810767565,-0.27447682,-0.526765738,-2.029972341,-0.050442917,1.916838125808214,0.8717973388788586,0.000147853,-0.611489118,0.14024791187057156,-0.386453508,-0.617067635,0.32726646250124747,-0.000124159,no_feedback
0.550043452,-0.307165554,-0.518679408,-2.04843992,-0.083940077,1.9293737704481275,0.8718298000411938,0.000774112,-0.678111958,0.18442721301924137,-0.347848167,-0.696866331,0.17528198879624446,0.001009022,no_feedback
0.5500355600635988,-0.342635304,-0.508539101,-2.064564013,-0.120767406,1.9354231454412993,0.8721939449552406,-0.000714537,-0.686774622,0.20609550822108844,-0.299766421,-0.715374955,0.082182137,0.019303127673120674,no_feedback
0.5500215428450651,-0.37665091,-0.498724644,-2.07879689,-0.156848933,1.938348270892891,0.874667409,-0.001000578,-0.690405324,0.18887405511661634,-0.282815425,-0.724657129,0.053997071,0.090014785,no_feedback
0.5500326271138365,-0.410073885,-0.488811351,-2.092869352,-0.192760773,1.940470312297071,0.8837928916617063,0.003460218,-0.61869721,0.18921107210952237,-0.274835906,-0.67057044,0.028999096045238735,0.25929070893421463,no_feedback
0.5500145079790671,-0.439321865,-0.479654576,-2.106685169,-0.224410018,1.9406256402978423,0.9029942611156548,-0.000686868,-0.533716905,0.16582132124965165,-0.270400085,-0.603000716,0.002484058,0.4819447440816694,no_feedback
0.550002228,-0.463404794,-0.472803372,-2.120456596,-0.252286905,1.9406848778243542,0.9340994447352585,-0.00031682,-0.422403288,0.11655777316483028,-0.278695778,-0.522426008,-0.00022725,0.6507512800821531,no_feedback
0.5500254850766318,-0.480711452,-0.46912,-2.133398932,-0.275515871,1.9423297834174318,0.9660556073622325,0.001864001,-0.286291124,0.056849091,-0.240305135,-0.394819997,0.058962398861216576,0.5601491537999488,no_feedback
0.550040293,-0.491282279,-0.46810825,-2.144499003,-0.29191741,1.9461625124208966,0.983772627,-0.000408377,-0.160625394,0.005346442,-0.208734811,-0.241032785,0.085161114,0.1810140931265533,no_feedback
0.5500219738920271,-0.496877458,-0.468604264,-2.153379503,-0.297037522,1.9489331920803277,0.9851509949514266,3.623819130719753e-05,-0.083377108,-0.008024668,-0.150746526,0.000135041,0.007290453,-0.023236621,no_feedback
0.5500166537948822,-0.499773416,-0.469028632,-2.159588093,-0.297026316,1.9489171637955287,0.9828851400422662,-0.000236365,-0.036626329,-0.00833561,-0.106124941,-0.000284266,-0.000664011,-0.038588793,no_feedback
0.5500108874058212,-0.50046308,-0.469480457,-2.163866621,-0.296982254,1.9488897083640608,0.9826083479639299,-0.00150841,0.005952494,-0.0084178,-0.078153178,0.000732773,-0.000490718,-0.000629203,no_feedback
0.5500182967219751,-0.500141256,-0.469751563,-2.16751023,-0.296904853,1.9487983860670264,0.9826084114883343,-0.000563744,0.012784602622798938,-0.000480632,-0.071372989,0.001058306,-0.005680996,2.9275085606809463e-05,no_feedback
0.5500236139088345,-0.499335486,-0.469742987,-2.170713586,-0.296882374,1.9487518855132602,0.9826345948522941,-3.72E-05,0.022999799,0.000110369,-0.0557854,0.001753049,-0.001971709,0.000695173,no_feedback
0.5500137129341882,-0.497735327,-0.469929068,-2.172533235,-0.296859162,1.948755336576891,0.9826475129832255,-0.000823977,0.03371139,-0.004545287,-0.021983773,8.586586735416097e-05,-0.000191889,-0.000794062,no_feedback
0.5500175028291738,-0.495851325,-0.470179913,-2.172905153,-0.296853808,1.9487535817623136,0.9826462196524797,-0.000191894,0.036585833,-0.004067636,0.001156873,-0.00018704,-7.62E-05,-0.001469145,no_feedback
0.5500189482374498,-0.494209486,-0.470366667,-2.172892395,-0.29685114,1.948754395564397,0.982656045,-1.24E-05,0.031344021,-0.006681708,0.000356595,3.975549398839208e-05,1.7617617020972707e-05,0.00064149,no_feedback
0.5500134351075796,-0.492927607,-0.470515205,-2.172902294,-0.296844147,1.948754395564397,0.9826530951576072,-0.000749089,0.019643787,-0.000748818,-0.000714207,0.000554124,-0.000153067,-0.00025249,no_feedback
0.5500135145805889,-0.492315258,-0.470632695,-2.172903406,-0.29684494,1.9487558197180428,0.9826538072344329,-0.000903281,0.006704161,-0.002967143,-0.000701472,-0.000326625,0.000259192,-4.82E-05,no_feedback
0.5500151055434294,-0.49225079,-0.470676762,-2.172893664,-0.296843168,1.948755108,0.9826530951576099,-0.000461376,-0.001181041,0.000977732,0.000927759,-0.000177134,0.000164641,-0.000145042,no_feedback
0.5500134351075759,-0.492342467,-0.470778513,-2.172895529,-0.296842799,1.948754395564397,0.9826553331133391,-0.000738708,-0.004804673,-0.0027094,-0.000335654,-0.000162941,-0.000151856,0.000317476,no_feedback
0.5500134351075742,-0.492436688,-0.470874581,-2.172888655,-0.296839082,1.948755108,0.9826560451901621,3.845445046057931e-05,-9.67E-05,-0.000898476,-0.00131701,-0.000385354,-4.11E-05,0.000598253,no_feedback
0.5500117646717189,-0.492412895,-0.470958041,-2.172888655,-0.29683837,1.948754395564397,0.9826553331133392,-0.001034973,0.000731888,-0.003209556,6.963019392672895e-05,-0.000212803,-0.000510948,2.644199206561254e-05,no_feedback
0.5500134351075742,-0.492426653,-0.471066004,-2.172886984,-0.29683837,1.9487558197180428,0.9826567616277097,-1.92E-05,-0.000215502,0.000324895,-0.00021549,0.001049299,0.000107656,0.000931406,no_feedback
0.5500167730358454,-0.492439448,-0.471113605,-2.172886296,-0.29683776,1.9487535817623136,0.982656045,0.000864501,5.8478823593260415e-05,-0.001597956,0.000283285,8.448236926963814e-05,-0.000727821,0.000893007,no_feedback
0.5500151055433795,-0.492422892,-0.471171,-2.172885314,-0.296835154,1.948755107659165,0.9826567572669851,0.000186547,0.000849681,-0.004516236,0.000330383,3.203873321115765e-05,-0.000193425,0.000903571,no_feedback
0.5500134351075741,-0.49242973,-0.471195238,-2.172888655,-0.296834638,1.9487558197180428,0.982655333,-2.44E-05,-0.000312413,0.000417701,-0.00066514,-9.37E-05,8.335451560274996e-05,0.000508691,no_feedback
0.5500134351075723,-0.492434589,-0.471211233,-2.172885314,-0.296832961,1.9487558197180428,0.9826560452081072,0.000108227,0.001597647,0.00042602,0.000514837,0.00011176,-0.000144566,0.000827633,no_feedback
0.550013435,-0.492424589,-0.471227532,-2.172888655,-0.296833572,1.9487558197180428,0.982653807,-0.000547361,-0.000334354,0.000877793,-0.000825732,-7.07E-05,-6.24E-05,-9.04E-05,no_feedback
0.5500143893065456,-0.49243307,-0.471240717,-2.172885306,-0.296834894,1.9487558197180428,0.9826592255581004,0.000728471,-0.000458923,-2.03E-06,-7.31E-05,-0.000411603,-5.85E-05,0.000628487,no_feedback
0.5500117645627025,-0.492437322,-0.471258847,-2.172884597,-0.296833572,1.9487558197180428,0.9826515692789256,-0.000689469,-1.37E-05,-5.49E-05,8.249513656873218e-05,-8.06E-05,4.9592807057674856e-05,-0.000487134,no_feedback
0.5500134351075741,-0.492429694,-0.471268361,-2.172885059,-0.296834894,1.948755108,0.9826560451901704,-0.000349067,-0.000265131,0.000521504,-6.80E-07,-0.000522491,-0.00032574,0.000472372,no_feedback
0.5500134351074245,-0.492427781,-0.471282443,-2.17288528,-0.296833559,1.9487558197180428,0.9826530951576127,-0.000313615,0.001259193,-0.000627217,0.000582137,-5.02E-05,4.724511240696763e-05,-0.000618666,no_feedback
0.5500109699416258,-0.492436233,-0.471295047,-2.172882522,-0.296833572,1.948755108,0.9826522949400255,-0.001175452,-0.000454769,-0.003461495,-0.000132562,-2.80E-05,-0.000282467,-0.000249671,no_feedback
0.5500187248048988,-0.492431409,-0.471304564,-2.172883919,-0.296832957,1.9487565317948656,0.9826553350514804,0.001312033,-0.000317235,-0.000364433,-0.000603809,0.000325965,0.00017411,0.000368335,no_feedback
0.5500151055432797,-0.49242973,-0.471314392,-2.172880646,-0.29682935,1.948755108,0.9826560451908267,0.000125311,0.000789996,-0.000946043,0.000700003,0.000207678,-0.00045511,0.001031601,no_feedback
0.5500146302120726,-0.492432919,-0.471316025,-2.172883888,-0.296830688,1.9487572438716887,0.9826556864875654,0.000668924,0.00111984,-0.000112249,-0.000367518,-0.000340798,0.000335564,0.000774601,no_feedback
0.5500134347805253,-0.49242973,-0.471323105,-2.172883885,-0.2968301,1.9487565317948656,0.9826568880951565,-0.000508737,-0.000152426,9.234097849535126e-05,-0.000413576,-0.000431348,-2.73E-05,0.000950161,no_feedback
0.5500151055434293,-0.492433071,-0.471329947,-2.172883987,-0.296831362,1.9487559374556127,0.9826515708937597,-0.000106045,-0.000316521,-5.67E-05,-0.000368273,0.000318812,-0.000104759,-0.000133882,no_feedback
0.5500151052123262,-0.492433765,-0.471329562,-2.172882215,-0.296829486,1.9487572438716887,0.9826556181953157,0.000161979,7.665956150307343e-05,0.000664029,-0.000158173,-0.000241677,0.0003777,0.000655267,no_feedback
0.5500146298848725,-0.49242973,-0.471331762,-2.172885555,-0.296828774,1.9487565317948656,0.9826548659306618,0.000519864,0.000382587,-0.002249679,-0.001589357,5.9883394321581744e-05,-6.72E-05,-0.000950016,no_feedback
0.5500167759792846,-0.492431427,-0.471334912,-2.172885582,-0.296829486,1.9487565317948656,0.9826564376569258,0.000891246,-1.33E-05,0.000327507,-0.000870385,-0.000318251,-7.43E-06,0.000778118,no_feedback